id,date,total,status,payment_method,products,delivered
1,2024-01-07,455,Processing,PayPal,"39963,12353,6385,18310,11275",True
2,2024-02-28,412,Processing,PayPal,"9887,14740,22462,11672,27118",True
3,2024-03-08,978,Shipped,Credit Card,"31611,30553,45275,25124,34450",False
4,2024-03-10,683,Processing,Credit Card,"32416,12173,10175,9337,26333",True
5,2024-04-01,747,Processing,PayPal,"26126,39968,46897,1817,3251",True
6,2024-01-29,239,Processing,Cash,"11507,11592,9385,11306,37600",False
7,2024-01-19,991,Processing,Credit Card,"43059,23606,4653,22102,48571",False
8,2024-01-20,411,Shipped,Cash,"11135,13665,42175,20409,20162",True
9,2024-01-29,32,Delivered,PayPal,"47429,20693,29573,28844,11867",False
10,2024-01-01,387,Processing,PayPal,"31549,34839,31215,21723,23048",False
11,2024-04-03,124,Shipped,Cash,"15648,34058,8004,43718,40236",False
12,2024-03-16,759,Shipped,Cash,"43369,24651,47202,15492,37682",False
13,2024-01-15,906,Shipped,Cash,"9280,23046,17310,3840,26288",False
14,2024-04-03,587,Processing,Credit Card,"18802,19493,27088,2676,28236",True
15,2024-04-03,117,Processing,Cash,"45470,13656,265,35284,28590",False
16,2024-01-22,865,Processing,Cash,"24025,29172,12035,31901,29330",True
17,2024-02-20,704,Delivered,Cash,"26695,3700,26233,43831,44053",True
18,2024-03-02,553,Shipped,Credit Card,"35982,19521,8110,19663,37600",False
19,2024-01-30,181,Shipped,PayPal,"20645,15385,12965,12334,6263",True
20,2024-03-06,914,Processing,Cash,"32622,13479,8177,10091,39702",False
21,2024-04-04,673,Shipped,Cash,"16166,6257,19936,25718,32644",False
22,2024-02-10,896,Processing,Credit Card,"22723,14931,11535,43653,18477",True
23,2024-03-22,333,Delivered,PayPal,"10781,25017,16239,26955,20817",True
24,2024-02-17,987,Processing,Credit Card,"39085,6134,11181,47472,21436",False
25,2024-02-01,584,Processing,Cash,"38111,26929,14996,18724,16646",False
26,2024-03-03,806,Delivered,Credit Card,"12977,34115,12048,18373,22076",False
27,2024-01-31,785,Delivered,PayPal,"36704,47047,5040,42614,5321",False
28,2024-02-21,283,Delivered,PayPal,"6138,29764,9713,15267,33350",True
29,2024-03-23,591,Shipped,Credit Card,"7564,26567,2672,29759,23594",True
30,2024-01-22,76,Delivered,PayPal,"29122,19916,46484,48305,32484",False
31,2024-03-12,447,Processing,Cash,"19232,12005,15978,28016,16843",True
32,2024-03-18,98,Shipped,PayPal,"14106,32730,7750,40439,49658",False
33,2024-03-14,30,Processing,Credit Card,"30375,337,18375,24947,42428",False
34,2024-01-04,920,Delivered,Cash,"22592,15421,11748,3097,49334",False
35,2024-01-21,566,Shipped,Cash,"38726,19912,42676,20828,48663",True
36,2024-02-24,207,Processing,PayPal,"8003,43113,33586,39191,7691",False
37,2024-01-17,574,Delivered,Credit Card,"24825,40596,15235,12637,4283",False
38,2024-02-01,826,Shipped,Cash,"39090,42306,36118,12490,31354",True
39,2024-01-20,744,Processing,PayPal,"20943,44326,42792,48499,20322",True
40,2024-02-16,942,Processing,Credit Card,"6624,38535,41814,24581,42777",False
41,2024-03-26,607,Shipped,Cash,"6681,14252,4613,26131,19100",True
42,2024-03-16,609,Shipped,PayPal,"22474,7854,23089,30580,37521",False
43,2024-04-03,531,Delivered,PayPal,"12228,13815,42870,33423,25060",False
44,2024-01-01,555,Delivered,Cash,"41893,28776,37723,37985,36049",False
45,2024-03-15,999,Shipped,PayPal,"37108,49234,24678,16273,20594",True
46,2024-01-25,390,Processing,PayPal,"41155,2295,8106,9552,49033",True
47,2024-03-14,342,Delivered,Cash,"41026,3871,27921,10474,30017",True
48,2024-02-03,275,Shipped,PayPal,"20060,41254,14553,14287,29007",True
49,2024-01-15,842,Processing,PayPal,"47912,6018,9097,12990,45624",True
50,2024-03-11,196,Delivered,Credit Card,"6394,38411,45871,813,29614",False
51,2024-03-17,89,Processing,Credit Card,"39466,47001,10736,32626,24505",False
52,2024-01-01,667,Processing,Credit Card,"7326,25462,29163,28195,10865",False
53,2024-02-23,851,Delivered,PayPal,"15632,12469,11633,47909,2216",True
54,2024-04-02,787,Shipped,Credit Card,"7896,9551,20024,15474,16731",True
55,2024-02-28,866,Shipped,PayPal,"47122,6582,45429,48457,12895",False
56,2024-02-25,957,Delivered,PayPal,"14942,16322,20990,42552,11520",True
57,2024-02-23,466,Processing,Cash,"3358,28703,26474,7366,7027",True
58,2024-01-19,934,Processing,PayPal,"40481,7592,41694,37735,48204",False
59,2024-03-22,946,Shipped,PayPal,"27728,894,35588,12134,34321",False
60,2024-03-27,417,Shipped,Cash,"28655,2339,17176,12111,4385",False
61,2024-01-19,793,Delivered,PayPal,"46950,46120,34153,39875,8933",True
62,2024-01-16,139,Delivered,Credit Card,"30307,36055,25265,22118,25894",False
63,2024-03-17,507,Delivered,PayPal,"7588,44675,43596,26353,19502",True
64,2024-01-30,362,Processing,Cash,"34729,36156,29126,36784,5831",False
65,2024-02-12,415,Delivered,Cash,"6731,39260,23338,42714,46700",False
66,2024-03-14,649,Shipped,Credit Card,"20998,48555,17083,3436,47933",False
67,2024-02-22,499,Shipped,Cash,"33347,5829,12018,31633,4297",True
68,2024-03-03,299,Shipped,Cash,"43344,31339,38173,30487,30749",True
69,2024-04-08,351,Processing,Credit Card,"9803,511,7465,4945,9217",False
70,2024-03-31,384,Shipped,Cash,"21215,12657,3585,40862,47503",True
71,2024-01-23,899,Shipped,Cash,"21280,33822,3441,3185,24822",False
72,2024-02-20,749,Processing,PayPal,"44243,9336,46419,30103,13148",False
73,2024-02-23,432,Processing,Credit Card,"34138,35950,1911,44355,49566",False
74,2024-04-02,409,Shipped,PayPal,"18262,386,24443,42911,1637",False
75,2024-03-07,944,Shipped,Credit Card,"47507,43107,39477,45408,24227",False
76,2024-04-05,500,Shipped,Credit Card,"4633,29786,25919,14674,38464",True
77,2024-01-07,393,Processing,Credit Card,"14310,30174,17895,34563,4736",True
78,2024-01-22,251,Processing,Cash,"22890,37304,33966,25036,35006",False
79,2024-03-30,315,Processing,PayPal,"22212,29843,5775,9772,1934",False
80,2024-02-21,462,Delivered,Cash,"24474,41042,10745,43480,28568",True
81,2024-02-15,341,Processing,PayPal,"49282,37217,40235,15774,6385",True
82,2024-01-03,175,Processing,Cash,"6781,66,14333,4342,5895",True
83,2024-03-13,727,Delivered,Cash,"20440,17712,34911,28756,27511",True
84,2024-02-11,704,Delivered,PayPal,"21976,22629,4572,999,47428",True
85,2024-01-02,942,Delivered,Cash,"28437,43238,8093,49680,38028",False
86,2024-04-04,388,Processing,PayPal,"128,18560,4263,15680,42760",False
87,2024-03-26,293,Delivered,Cash,"22503,13283,19480,26966,15784",False
88,2024-01-17,490,Shipped,Cash,"24274,46443,46309,16753,1570",False
89,2024-01-30,612,Shipped,Credit Card,"40606,7644,30135,29036,9436",True
90,2024-04-09,224,Processing,Credit Card,"5008,17446,9514,28752,20774",True
91,2024-03-27,964,Shipped,Credit Card,"27488,1985,6786,44164,13180",False
92,2024-03-15,313,Shipped,Credit Card,"4212,15120,43149,21732,33025",True
93,2024-03-20,543,Delivered,Credit Card,"27804,43384,35137,41250,48373",True
94,2024-03-24,945,Delivered,Cash,"30812,4560,35529,49740,15255",True
95,2024-04-05,362,Processing,PayPal,"31155,45255,46951,40478,4079",True
96,2024-01-20,874,Shipped,PayPal,"48215,2428,9273,3446,35528",False
97,2024-03-14,837,Processing,Cash,"17993,43900,1343,3898,12891",True
98,2024-01-29,301,Delivered,PayPal,"25937,46953,44600,15782,19595",False
99,2024-03-18,459,Shipped,PayPal,"42062,20737,40969,34826,17921",True
100,2024-03-03,655,Processing,PayPal,"17446,3035,45860,47288,9804",False
101,2024-01-05,234,Delivered,Credit Card,"19981,40606,4774,20603,11571",False
102,2024-02-28,567,Processing,Credit Card,"28634,21043,27258,18395,48320",False
103,2024-03-27,314,Processing,PayPal,"48043,5560,19584,7877,49710",False
104,2024-01-31,949,Shipped,PayPal,"44818,24359,34644,46619,35711",False
105,2024-02-04,89,Delivered,Credit Card,"40889,19516,19104,18401,39352",True
106,2024-04-04,937,Processing,Credit Card,"48526,21094,47452,49649,15188",False
107,2024-03-12,108,Processing,PayPal,"27759,5137,30929,25745,17599",False
108,2024-01-06,893,Delivered,PayPal,"48057,39050,4028,38763,28680",True
109,2024-02-19,477,Processing,Credit Card,"2410,38174,2472,43025,17114",False
110,2024-01-22,742,Processing,Cash,"37213,18667,10721,1397,40074",False
111,2024-02-26,437,Delivered,Credit Card,"29838,37578,32482,29404,18704",False
112,2024-01-15,455,Delivered,Credit Card,"29810,25290,30286,28096,9719",False
113,2024-02-28,928,Delivered,Cash,"10994,11759,19197,48907,48228",False
114,2024-01-27,49,Delivered,PayPal,"3898,20621,1712,48105,28245",True
115,2024-03-10,604,Delivered,Credit Card,"14789,17679,33727,26758,38721",False
116,2024-01-22,33,Processing,PayPal,"30583,42189,37962,18912,32089",True
117,2024-03-01,175,Delivered,Cash,"24221,28788,1710,20810,33660",True
118,2024-03-16,280,Delivered,Cash,"28817,21916,21332,10852,21041",False
119,2024-03-03,981,Delivered,Credit Card,"42530,20042,18916,11849,26845",False
120,2024-01-07,258,Shipped,Cash,"18333,13874,29821,36105,27697",True
121,2024-01-21,401,Shipped,Credit Card,"21870,4664,22324,20696,49345",False
122,2024-01-13,242,Shipped,Credit Card,"116,28204,36733,28752,39549",True
123,2024-01-13,43,Delivered,Credit Card,"30090,7122,19946,11136,19403",True
124,2024-01-16,834,Processing,Cash,"8952,35593,21309,18142,33001",True
125,2024-03-17,25,Processing,Cash,"49435,34438,37800,28986,34068",False
126,2024-02-11,734,Delivered,Cash,"17156,42301,12647,7872,31661",False
127,2024-03-11,411,Shipped,Credit Card,"20737,3832,4159,15847,15349",False
128,2024-03-04,432,Processing,PayPal,"24912,48642,4316,40781,38494",True
129,2024-03-19,832,Delivered,PayPal,"4093,22261,41123,13248,21301",False
130,2024-03-12,341,Processing,PayPal,"9321,715,32167,20691,42824",False
131,2024-01-20,586,Shipped,Cash,"20443,29420,15884,15593,17872",False
132,2024-04-08,319,Processing,Credit Card,"24096,44286,24377,18267,179",False
133,2024-03-16,535,Processing,Cash,"16318,1805,46021,2842,45945",False
134,2024-01-23,296,Delivered,Cash,"21018,27913,49142,46968,36294",False
135,2024-01-31,738,Delivered,PayPal,"42741,37642,18225,19163,17663",True
136,2024-03-03,769,Processing,Credit Card,"8167,35369,4046,18075,16433",True
137,2024-02-10,842,Shipped,Credit Card,"38620,36593,36617,24391,49489",False
138,2024-01-30,881,Delivered,Credit Card,"21843,13743,44916,28407,28311",False
139,2024-01-18,177,Shipped,Credit Card,"48898,6711,48088,32963,4627",True
140,2024-03-14,445,Shipped,Credit Card,"34423,19009,49484,46120,45433",False
141,2024-02-28,910,Processing,Credit Card,"13107,22847,10280,18751,4996",False
142,2024-01-12,165,Shipped,PayPal,"14076,44338,43567,39203,35269",False
143,2024-01-29,830,Shipped,Credit Card,"29495,22316,43275,41003,11875",False
144,2024-03-27,932,Processing,Credit Card,"29686,35727,15155,7679,25616",False
145,2024-01-19,695,Processing,Cash,"3776,8631,11228,48115,23170",True
146,2024-03-05,640,Delivered,Cash,"15593,35671,16352,19319,46949",False
147,2024-01-27,528,Delivered,Cash,"44165,24239,44058,39036,48163",True
148,2024-02-10,450,Delivered,PayPal,"13788,8013,30532,28383,29399",False
149,2024-03-06,278,Shipped,Credit Card,"8526,7553,44203,6926,47961",True
150,2024-02-24,143,Delivered,Cash,"5300,17606,39556,33316,40942",True
151,2024-02-07,960,Processing,Cash,"1005,39914,41098,34305,37654",True
152,2024-03-10,160,Processing,PayPal,"13041,38812,49406,11451,5918",False
153,2024-01-21,760,Shipped,Credit Card,"9630,24719,30764,35464,1294",False
154,2024-03-05,375,Shipped,Cash,"19056,15073,40151,33629,6285",False
155,2024-03-28,297,Processing,Cash,"5405,8805,9340,12251,30921",True
156,2024-04-06,962,Delivered,Credit Card,"25476,9191,41293,42049,23389",False
157,2024-01-18,998,Processing,Credit Card,"5509,24736,48892,26138,32671",True
158,2024-04-03,784,Shipped,Credit Card,"5945,9380,45178,45706,30197",False
159,2024-01-13,209,Processing,PayPal,"14131,6681,38780,33447,36194",False
160,2024-03-01,642,Shipped,PayPal,"14915,10691,49933,31151,28027",False
161,2024-03-27,373,Delivered,Cash,"12358,6435,5865,7963,49621",True
162,2024-04-03,157,Processing,PayPal,"42646,6585,22919,34606,32938",True
163,2024-03-08,237,Delivered,Cash,"44161,43278,24693,17476,20780",False
164,2024-03-21,209,Processing,Credit Card,"12802,23641,11508,35834,43423",True
165,2024-03-19,329,Shipped,Cash,"13578,15121,4957,49301,28993",False
166,2024-03-11,382,Shipped,Cash,"19467,3443,31150,25833,36075",False
167,2024-03-18,761,Delivered,Cash,"2999,44241,14947,32247,28208",False
168,2024-03-04,954,Processing,PayPal,"5608,15736,33553,49974,40834",False
169,2024-04-08,943,Processing,Cash,"8870,10616,33073,11640,32876",False
170,2024-03-21,254,Processing,Credit Card,"1994,20977,41537,38803,49785",True
171,2024-02-22,59,Shipped,PayPal,"28346,39565,9803,24222,48445",False
172,2024-02-01,394,Shipped,PayPal,"37700,49064,26048,27607,3454",False
173,2024-02-07,617,Processing,PayPal,"24628,20959,48528,9900,23884",True
174,2024-01-15,444,Delivered,Cash,"44647,10773,26548,35337,37111",True
175,2024-04-02,1000,Delivered,Cash,"46212,21928,12429,29300,22821",False
176,2024-01-08,417,Shipped,PayPal,"28798,12791,32769,42978,41851",False
177,2024-04-01,354,Shipped,PayPal,"1330,116,15379,33687,7214",True
178,2024-03-21,425,Delivered,Cash,"6134,19870,37510,45853,42705",True
179,2024-02-23,646,Shipped,Credit Card,"5661,42149,43639,3829,36930",False
180,2024-03-22,221,Processing,PayPal,"43630,38866,44034,19670,20649",True
181,2024-01-12,593,Processing,Credit Card,"27859,16135,45418,35236,47646",False
182,2024-03-23,348,Shipped,PayPal,"22605,1803,45276,33783,45783",True
183,2024-03-04,806,Delivered,PayPal,"25887,7744,1907,12213,18162",True
184,2024-02-01,477,Processing,Credit Card,"43974,538,25467,27475,27746",False
185,2024-03-25,218,Processing,PayPal,"9989,21632,45000,29471,6898",True
186,2024-03-31,529,Processing,Credit Card,"23016,18874,31061,43333,35632",True
187,2024-02-16,980,Delivered,Credit Card,"25317,44986,23734,30705,47697",True
188,2024-03-14,77,Delivered,Credit Card,"40085,11702,44702,31255,34218",True
189,2024-01-29,847,Processing,Cash,"4536,15450,18365,11726,17118",True
190,2024-01-02,585,Processing,PayPal,"3314,49836,43878,38611,15280",True
191,2024-01-07,1000,Delivered,Cash,"4016,26201,28640,23288,35338",False
192,2024-01-09,135,Processing,Credit Card,"31144,43253,19487,7028,4865",False
193,2024-02-27,315,Processing,Cash,"18893,9193,41130,33803,45504",False
194,2024-04-02,273,Processing,Cash,"33237,39703,22904,34885,39964",False
195,2024-02-01,551,Processing,Credit Card,"32244,22064,17617,10508,7388",True
196,2024-01-21,430,Shipped,PayPal,"28744,13869,38376,29768,41290",False
197,2024-01-19,561,Processing,PayPal,"40732,45023,37639,46257,24723",False
198,2024-02-13,832,Shipped,Cash,"27163,18610,17163,35162,16879",False
199,2024-03-06,762,Processing,Cash,"2141,125,43650,6799,42374",True
200,2024-03-13,235,Delivered,Credit Card,"45857,4631,31258,10018,3397",False
201,2024-02-25,205,Processing,Cash,"39035,29540,46152,49215,44333",True
202,2024-01-02,432,Processing,Cash,"29575,8163,47614,13541,29268",False
203,2024-01-09,668,Processing,Cash,"39850,28028,42017,16596,20400",False
204,2024-03-04,576,Processing,Credit Card,"47940,44719,15849,42340,26095",True
205,2024-01-28,466,Shipped,Cash,"1245,23305,48215,40957,36476",True
206,2024-03-16,98,Processing,Cash,"42296,13387,42288,30366,24389",False
207,2024-04-03,156,Shipped,Credit Card,"34073,32251,45051,32438,33150",False
208,2024-02-19,612,Delivered,Credit Card,"1086,21924,25433,47125,5750",True
209,2024-02-04,91,Processing,Credit Card,"41720,13362,4794,12331,787",True
210,2024-04-07,737,Shipped,Cash,"12227,23671,45649,21489,45236",False
211,2024-01-15,213,Delivered,Credit Card,"19834,6767,24690,37328,15607",False
212,2024-02-20,188,Shipped,PayPal,"30494,46241,11251,35597,6551",True
213,2024-02-08,341,Shipped,Cash,"8034,46032,48206,30983,6246",False
214,2024-01-16,417,Shipped,PayPal,"27403,36769,36191,17493,39856",False
215,2024-03-09,181,Delivered,Credit Card,"49123,21234,8144,28447,2023",False
216,2024-02-20,627,Processing,Credit Card,"36415,25095,40928,7071,1813",False
217,2024-02-29,132,Processing,PayPal,"42098,29988,32792,9330,10264",True
218,2024-03-09,299,Delivered,Credit Card,"31602,41014,48314,23134,4877",True
219,2024-03-19,996,Processing,Credit Card,"6948,21393,35489,9155,45233",False
220,2024-03-01,729,Delivered,PayPal,"38214,22782,4671,14527,33886",False
221,2024-01-06,693,Processing,Cash,"3341,12918,41836,21585,32977",False
222,2024-02-12,920,Delivered,PayPal,"10343,40679,41531,37478,2205",False
223,2024-01-31,822,Delivered,PayPal,"49023,9600,28380,39722,42894",False
224,2024-01-18,340,Shipped,PayPal,"11393,23288,41921,15699,43399",False
225,2024-02-12,818,Processing,PayPal,"29272,31206,23834,36477,7110",True
226,2024-02-12,742,Delivered,Credit Card,"38398,2180,36839,48243,27038",False
227,2024-03-16,644,Shipped,Cash,"19629,18593,29702,23317,20347",True
228,2024-02-05,212,Processing,Credit Card,"12368,32374,24301,35125,23773",False
229,2024-03-29,709,Processing,Credit Card,"20834,48968,2564,23569,29399",False
230,2024-03-26,405,Delivered,Cash,"25304,5377,21704,25382,27425",False
231,2024-03-22,599,Delivered,PayPal,"9032,15041,41075,27320,9775",True
232,2024-03-18,361,Processing,PayPal,"31385,44547,19909,41876,25904",True
233,2024-02-14,739,Delivered,Credit Card,"40295,15100,35191,22910,39867",False
234,2024-02-06,132,Processing,Credit Card,"41856,24762,38722,8999,25484",True
235,2024-03-17,793,Shipped,Cash,"48855,28453,16228,42186,20786",True
236,2024-02-02,898,Shipped,Credit Card,"25546,20798,34902,24796,12519",True
237,2024-03-15,159,Delivered,Credit Card,"11901,27870,22764,8951,25763",False
238,2024-02-21,499,Shipped,PayPal,"46264,18386,14639,41384,22395",True
239,2024-01-28,152,Processing,Cash,"38126,42790,29459,27145,37828",True
240,2024-02-29,472,Shipped,Credit Card,"6104,29808,6591,7838,10682",True
241,2024-01-01,222,Shipped,Credit Card,"3771,6796,39348,44563,37373",False
242,2024-04-02,733,Processing,PayPal,"44370,6332,16879,598,8112",True
243,2024-01-29,329,Delivered,PayPal,"41792,21262,29370,4956,30218",False
244,2024-01-09,715,Processing,PayPal,"24843,34968,27829,16756,17975",False
245,2024-02-10,207,Shipped,Cash,"23004,36962,15229,5204,10592",False
246,2024-02-23,522,Processing,PayPal,"37528,37572,38291,838,15798",False
247,2024-03-23,123,Shipped,Cash,"19040,982,19331,19963,17948",False
248,2024-02-27,447,Shipped,Credit Card,"14038,41068,45138,23387,47420",False
249,2024-03-28,845,Delivered,Cash,"25616,17257,27926,30438,47618",False
250,2024-02-03,966,Processing,Credit Card,"38906,20805,37375,17601,857",False
251,2024-04-01,905,Delivered,PayPal,"1634,31395,34761,48895,22834",False
252,2024-03-20,105,Delivered,PayPal,"12887,5325,39240,7209,36242",True
253,2024-03-14,292,Delivered,PayPal,"7145,21913,9899,21667,47869",True
254,2024-02-16,335,Processing,PayPal,"4161,16720,12488,17753,24008",False
255,2024-01-30,386,Delivered,Cash,"19260,42363,10993,33396,41430",True
256,2024-04-05,607,Delivered,PayPal,"37,42254,39250,42800,5169",True
257,2024-02-13,798,Shipped,Credit Card,"35845,26599,9540,10914,35296",False
258,2024-01-15,754,Delivered,Credit Card,"41096,23018,6497,7035,15932",True
259,2024-01-03,488,Shipped,Credit Card,"25543,47100,41794,28594,43697",True
260,2024-02-15,450,Processing,PayPal,"44497,41584,284,12803,24606",True
261,2024-01-03,300,Shipped,Credit Card,"13522,42234,19997,5487,49930",True
262,2024-04-05,773,Shipped,Credit Card,"8457,40983,41467,27374,731",False
263,2024-01-01,637,Delivered,PayPal,"46348,46196,44698,4445,1152",False
264,2024-01-20,121,Processing,Cash,"45025,39073,15583,5164,42397",False
265,2024-03-20,401,Processing,Cash,"21416,36985,295,8734,6217",False
266,2024-03-26,390,Delivered,Cash,"5975,16800,20091,4299,21927",False
267,2024-03-13,739,Shipped,PayPal,"26544,25213,252,35131,48265",True
268,2024-01-12,197,Shipped,PayPal,"16705,13177,1648,37121,41055",False
269,2024-02-11,569,Delivered,Credit Card,"43380,4362,20371,38136,3712",True
270,2024-03-26,489,Delivered,Cash,"46337,16875,10781,45301,46625",True
271,2024-01-10,897,Delivered,Credit Card,"41744,36708,46737,27545,43857",False
272,2024-03-28,956,Processing,PayPal,"27719,34558,3918,19620,10612",False
273,2024-01-08,428,Shipped,Cash,"24916,24276,30093,35210,44355",True
274,2024-02-10,55,Shipped,PayPal,"10725,49883,35746,15264,2660",False
275,2024-02-14,673,Delivered,Credit Card,"13830,38721,5236,41195,48210",False
276,2024-04-03,887,Shipped,PayPal,"24059,6086,2589,30399,6010",True
277,2024-01-07,357,Shipped,PayPal,"15409,10814,9906,41112,32535",True
278,2024-03-03,326,Shipped,Credit Card,"2912,47150,42159,6849,20399",False
279,2024-02-22,526,Delivered,Cash,"49149,35184,25748,37289,914",False
280,2024-01-15,420,Delivered,Credit Card,"35384,23156,8426,17375,23427",False
281,2024-03-13,396,Shipped,Credit Card,"35241,15999,47366,2997,40282",True
282,2024-02-06,254,Delivered,PayPal,"4129,21316,43179,41463,25575",False
283,2024-01-06,591,Shipped,PayPal,"17295,45355,49229,20675,17439",True
284,2024-03-11,743,Delivered,Cash,"12414,9972,35775,8209,45674",False
285,2024-03-09,976,Processing,Cash,"27741,10401,21195,30041,45645",True
286,2024-01-11,170,Processing,PayPal,"19505,1879,23514,12175,8261",False
287,2024-01-26,180,Delivered,Credit Card,"28320,9209,14021,18703,23847",False
288,2024-01-17,317,Processing,PayPal,"3889,10831,48057,13784,13337",False
289,2024-02-22,56,Shipped,Cash,"42333,24911,26321,49904,35446",True
290,2024-02-01,387,Shipped,Credit Card,"17424,22433,49658,13461,39102",True
291,2024-03-27,776,Shipped,PayPal,"25877,1844,25335,38285,47800",False
292,2024-03-01,347,Delivered,PayPal,"4692,33690,49064,21340,32895",True
293,2024-02-26,768,Processing,Credit Card,"41797,27670,7648,27779,15772",True
294,2024-01-27,50,Delivered,PayPal,"32624,1034,43483,12428,15148",False
295,2024-04-01,775,Processing,PayPal,"22570,25500,46485,36360,30360",True
296,2024-02-17,399,Delivered,Cash,"44911,20276,14167,14780,34611",False
297,2024-01-11,930,Processing,Cash,"13525,25260,47698,31112,4158",True
298,2024-01-13,745,Delivered,PayPal,"1642,20364,13581,45527,4017",True
299,2024-03-07,256,Processing,Credit Card,"13042,12725,27304,17113,10726",True
300,2024-02-19,778,Processing,PayPal,"33296,37290,25637,15565,33237",False
301,2024-02-25,226,Shipped,Credit Card,"7199,9326,19255,26209,37086",True
302,2024-04-05,300,Processing,PayPal,"32347,1275,22010,24753,36494",False
303,2024-02-29,536,Delivered,Cash,"826,24511,44035,27408,36384",True
304,2024-03-30,870,Delivered,Credit Card,"40009,23941,31199,23817,19514",False
305,2024-03-13,60,Shipped,Credit Card,"39218,41593,5057,2722,27312",False
306,2024-03-01,627,Processing,PayPal,"13852,23088,49754,47330,48819",False
307,2024-02-23,176,Shipped,PayPal,"18065,29044,22194,11996,47819",False
308,2024-04-05,745,Processing,PayPal,"24871,3516,1785,36280,8713",True
309,2024-01-17,217,Delivered,Cash,"49004,33028,1264,31813,40440",True
310,2024-01-30,840,Processing,PayPal,"30258,1130,44119,44001,48664",True
311,2024-01-18,649,Delivered,PayPal,"2938,24320,28165,12898,15755",False
312,2024-01-04,714,Processing,Cash,"16432,17036,47380,35630,44020",False
313,2024-01-18,754,Shipped,Cash,"15296,23606,46344,23996,36461",True
314,2024-02-26,165,Processing,Credit Card,"8063,4885,34082,23806,17447",False
315,2024-01-29,630,Processing,Credit Card,"46983,22557,20769,42209,915",False
316,2024-02-04,412,Processing,PayPal,"1944,38338,35744,12573,29858",True
317,2024-04-02,499,Delivered,Credit Card,"28506,3932,43727,1827,38584",True
318,2024-03-22,730,Processing,Cash,"34386,23354,35123,25791,2911",False
319,2024-03-07,868,Delivered,Cash,"43753,8802,17770,15013,30539",True
320,2024-03-29,561,Processing,PayPal,"48034,32945,11406,20967,20437",False
321,2024-02-10,869,Processing,PayPal,"21741,16431,7255,48336,26356",True
322,2024-03-17,289,Shipped,PayPal,"5896,15551,38247,43115,16373",False
323,2024-03-10,579,Processing,Cash,"2620,6267,15442,10443,11867",False
324,2024-03-17,521,Shipped,Credit Card,"23565,40104,25489,38529,36216",False
325,2024-01-12,896,Processing,Cash,"22043,3069,29306,24161,20302",False
326,2024-03-03,234,Delivered,PayPal,"13193,46290,5843,657,28463",False
327,2024-01-05,852,Shipped,Credit Card,"1599,24329,985,16500,8221",True
328,2024-01-19,408,Shipped,Cash,"37118,45028,1153,37724,46563",False
329,2024-04-06,736,Processing,PayPal,"14741,3544,22374,30107,22241",True
330,2024-01-02,674,Delivered,Credit Card,"7334,17382,15006,6617,37312",True
331,2024-01-01,597,Delivered,PayPal,"4807,14744,1723,32302,23298",True
332,2024-02-08,107,Shipped,PayPal,"27732,3861,16280,21440,28166",False
333,2024-03-24,454,Shipped,PayPal,"46335,45264,18786,33528,26742",False
334,2024-02-05,261,Delivered,Credit Card,"42464,17468,24963,1159,23160",False
335,2024-04-03,540,Delivered,Credit Card,"18530,49223,40538,4345,47449",False
336,2024-02-29,930,Shipped,Credit Card,"22547,13806,46433,28088,27787",True
337,2024-04-08,215,Delivered,Credit Card,"41492,49034,45749,27235,4573",True
338,2024-01-27,497,Shipped,Credit Card,"35239,15231,5209,14544,13228",True
339,2024-02-14,742,Delivered,PayPal,"48,30962,10854,11159,147",True
340,2024-01-07,397,Delivered,Credit Card,"38067,36889,9356,1995,26232",False
341,2024-01-07,81,Processing,PayPal,"27695,10320,26043,44371,40289",False
342,2024-02-04,219,Processing,PayPal,"4777,11512,21726,33684,3507",False
343,2024-03-10,222,Delivered,Credit Card,"12993,35365,44481,9832,40743",True
344,2024-03-09,598,Delivered,Cash,"47920,13243,48424,25409,49812",True
345,2024-03-11,737,Delivered,PayPal,"43478,8834,41534,46529,39091",False
346,2024-02-10,716,Shipped,Credit Card,"49431,9199,9676,35183,37496",False
347,2024-03-31,648,Processing,Credit Card,"12333,49069,1574,35281,20746",False
348,2024-03-20,929,Processing,PayPal,"37789,40766,22348,17563,13898",True
349,2024-03-11,814,Processing,Credit Card,"43715,18500,39639,41667,17897",False
350,2024-01-15,939,Shipped,PayPal,"28023,47191,14990,7441,21110",False
351,2024-03-03,362,Processing,Credit Card,"9010,42748,46863,25427,29733",True
352,2024-04-08,80,Delivered,Credit Card,"20837,45989,43114,10936,21029",True
353,2024-02-17,747,Processing,PayPal,"34997,28975,24533,23829,11880",True
354,2024-03-26,227,Shipped,PayPal,"1840,46417,25840,30308,22458",True
355,2024-02-16,821,Delivered,Credit Card,"16401,2233,25596,23435,32387",False
356,2024-03-16,435,Delivered,PayPal,"25255,20243,26511,20073,40837",False
357,2024-02-01,55,Delivered,Credit Card,"29184,23008,4458,16685,11182",True
358,2024-04-04,490,Delivered,PayPal,"24669,24355,40433,19025,39740",True
359,2024-01-12,373,Delivered,Cash,"12787,2852,27345,1360,26578",True
360,2024-04-04,669,Shipped,PayPal,"27676,27437,31643,6783,31259",True
361,2024-02-12,136,Shipped,Credit Card,"6823,26882,1818,1035,29029",False
362,2024-01-10,304,Shipped,Cash,"27642,32480,27545,3061,21220",False
363,2024-01-11,300,Processing,Cash,"40117,46431,29904,44180,20069",False
364,2024-02-01,695,Processing,PayPal,"30468,15525,16521,40911,1901",False
365,2024-02-27,224,Shipped,Cash,"13379,37649,19094,28158,24463",False
366,2024-02-25,660,Delivered,Cash,"1373,19690,33553,17704,867",True
367,2024-01-02,180,Shipped,Cash,"9901,45097,48107,12934,3489",True
368,2024-03-29,559,Processing,PayPal,"25478,11731,39602,10920,21883",False
369,2024-02-23,572,Processing,Cash,"19926,49423,27924,36752,21870",False
370,2024-03-13,457,Delivered,Credit Card,"2995,15155,24893,1789,42684",True
371,2024-03-16,968,Processing,PayPal,"9403,56,9741,20059,40474",False
372,2024-02-22,645,Shipped,Credit Card,"28718,8382,48357,38388,37302",True
373,2024-01-20,286,Shipped,Cash,"5519,43418,44102,1976,8648",True
374,2024-04-04,746,Shipped,Credit Card,"6217,26707,24414,22609,22967",True
375,2024-03-10,370,Shipped,Credit Card,"7469,31690,35014,20760,20572",False
376,2024-03-24,666,Delivered,Credit Card,"16271,22091,16296,36974,33451",True
377,2024-01-01,904,Shipped,PayPal,"3,39199,26626,46934,6692",True
378,2024-01-27,602,Delivered,PayPal,"36139,5048,29161,13896,39874",True
379,2024-04-09,196,Processing,Credit Card,"915,5947,3267,43828,12840",True
380,2024-01-23,321,Shipped,Cash,"20366,2169,13626,5397,504",False
381,2024-03-06,443,Delivered,Cash,"46636,16442,46441,3244,7686",False
382,2024-02-26,397,Processing,PayPal,"4817,39154,8639,39858,27168",True
383,2024-01-16,113,Delivered,Credit Card,"48110,6449,45998,44207,31795",False
384,2024-02-12,246,Processing,Credit Card,"5258,36413,43600,26525,46774",False
385,2024-02-05,285,Processing,PayPal,"37286,40925,28977,23402,31162",True
386,2024-03-23,443,Processing,PayPal,"35172,47998,26335,41069,32496",False
387,2024-01-06,551,Delivered,PayPal,"46625,31612,5500,7923,30035",False
388,2024-01-18,329,Delivered,PayPal,"26597,8020,16529,47423,43069",True
389,2024-03-01,119,Shipped,Credit Card,"10907,37658,8241,35693,27441",False
390,2024-02-29,181,Delivered,Credit Card,"27005,17627,24731,10394,4235",False
391,2024-01-01,668,Delivered,Cash,"31794,6737,13656,47866,10476",True
392,2024-02-10,488,Shipped,PayPal,"41092,29320,41186,26818,33435",False
393,2024-01-26,307,Delivered,Cash,"28106,42646,17633,45699,42465",True
394,2024-04-08,352,Delivered,Credit Card,"39491,47214,36965,31880,32841",False
395,2024-01-24,904,Processing,PayPal,"36628,24938,36106,37357,35272",False
396,2024-03-15,468,Shipped,PayPal,"17878,8224,33251,10181,22802",False
397,2024-03-18,653,Processing,PayPal,"44067,14567,20300,49409,28329",False
398,2024-03-28,43,Shipped,PayPal,"31720,19174,5007,20073,20547",True
399,2024-02-16,425,Delivered,Cash,"43249,23053,25235,31371,39546",False
400,2024-02-05,620,Processing,Credit Card,"30258,42924,37627,43502,34038",True
401,2024-02-28,213,Shipped,PayPal,"20371,49470,17587,48515,35676",True
402,2024-03-02,339,Shipped,Credit Card,"2264,19969,12724,16380,28428",False
403,2024-04-09,203,Shipped,Cash,"18012,45744,47138,15262,41034",False
404,2024-01-17,53,Shipped,Cash,"15272,34372,29175,17707,36595",False
405,2024-02-26,522,Delivered,PayPal,"36403,47359,45175,5720,41567",True
406,2024-03-31,397,Shipped,PayPal,"7055,16455,31650,22392,42240",True
407,2024-02-18,82,Processing,PayPal,"39754,38372,121,36120,36320",False
408,2024-01-27,534,Shipped,PayPal,"41403,24737,19828,13837,2085",True
409,2024-03-24,690,Processing,PayPal,"37073,106,45035,577,35050",True
410,2024-03-29,758,Shipped,Cash,"22380,7325,40175,43359,25112",True
411,2024-03-17,415,Delivered,Credit Card,"1144,14675,46225,13195,15676",False
412,2024-03-09,475,Shipped,Cash,"35364,30867,21499,45471,12133",False
413,2024-02-11,834,Shipped,Credit Card,"33156,48977,31866,45204,4187",True
414,2024-01-12,843,Delivered,PayPal,"12574,30146,1853,24800,38904",False
415,2024-02-19,513,Delivered,Cash,"6162,17756,33661,29138,38268",False
416,2024-01-29,337,Processing,Cash,"36460,41282,8130,9366,46005",False
417,2024-03-18,46,Processing,Credit Card,"46760,18644,36358,32996,40536",True
418,2024-04-08,474,Processing,PayPal,"22775,22864,37803,1347,7116",False
419,2024-02-12,263,Shipped,Cash,"12743,43065,44150,4493,28169",False
420,2024-03-03,374,Processing,PayPal,"1009,17645,41713,6387,34266",True
421,2024-01-25,92,Shipped,Credit Card,"28876,10221,32169,44708,23417",True
422,2024-04-05,19,Delivered,Credit Card,"49566,38094,33201,30149,46854",True
423,2024-02-07,102,Processing,Credit Card,"39907,26426,21029,43236,34318",False
424,2024-01-16,279,Shipped,Cash,"19537,48503,17553,28425,6493",False
425,2024-01-31,633,Delivered,Credit Card,"30562,8306,786,40716,48740",False
426,2024-01-27,757,Delivered,Cash,"6486,33173,34841,24390,6012",False
427,2024-03-28,883,Processing,Cash,"4113,35068,44714,38741,26128",False
428,2024-04-09,919,Delivered,Cash,"32137,17146,25341,38010,11931",True
429,2024-03-17,679,Delivered,Credit Card,"24676,25355,7939,7308,37590",False
430,2024-02-26,493,Shipped,Credit Card,"14518,47966,47738,21059,5478",True
431,2024-02-26,693,Processing,Cash,"47683,39142,28875,26319,25778",True
432,2024-01-25,920,Delivered,Cash,"5087,22263,36631,1201,28249",False
433,2024-02-24,825,Shipped,PayPal,"6759,3796,46681,21104,48037",True
434,2024-01-18,793,Processing,PayPal,"46346,20610,48478,7068,47491",False
435,2024-03-27,307,Shipped,Credit Card,"32759,19640,7667,31016,25202",False
436,2024-03-25,754,Delivered,Cash,"3655,28880,44291,6991,44918",True
437,2024-01-21,405,Shipped,Credit Card,"16416,48728,46068,20613,28439",True
438,2024-02-11,385,Processing,PayPal,"18800,46276,29256,14381,47249",True
439,2024-01-19,213,Delivered,Cash,"31093,14027,21957,34666,10952",False
440,2024-03-22,599,Shipped,Credit Card,"44575,46197,7682,19755,47936",True
441,2024-01-21,702,Processing,Credit Card,"12399,15877,12853,31100,20080",True
442,2024-01-07,259,Shipped,Cash,"5557,44828,23325,5940,282",True
443,2024-03-13,329,Shipped,PayPal,"30533,15337,2203,13287,41093",False
444,2024-03-14,64,Delivered,Credit Card,"31251,30083,31794,32922,32565",True
445,2024-01-13,397,Delivered,Cash,"33010,13766,36078,3053,47125",True
446,2024-02-11,577,Processing,Cash,"12717,19942,47141,48629,13753",True
447,2024-01-27,282,Processing,Cash,"24515,38452,36672,20552,39657",True
448,2024-01-31,978,Shipped,Cash,"11370,37657,18580,20683,21344",True
449,2024-04-05,987,Shipped,Credit Card,"789,39986,31585,46697,30149",True
450,2024-02-27,383,Delivered,Cash,"37207,30967,31542,4380,33348",True
451,2024-02-09,820,Processing,Cash,"39572,17326,40222,44205,12471",False
452,2024-03-29,631,Processing,Credit Card,"5826,28789,18157,21057,26919",True
453,2024-03-30,349,Shipped,PayPal,"22251,23893,12797,15513,42959",True
454,2024-03-07,521,Shipped,Credit Card,"36168,3893,23879,44851,19237",False
455,2024-02-12,50,Delivered,Credit Card,"9700,27729,45545,30147,18629",True
456,2024-02-24,767,Shipped,Credit Card,"45994,9269,43470,22319,38320",False
457,2024-01-14,466,Delivered,Cash,"16190,7385,46348,14028,27576",False
458,2024-01-31,62,Processing,PayPal,"29474,49946,34017,45951,21099",True
459,2024-02-14,191,Delivered,Cash,"16155,17700,18595,39114,8184",True
460,2024-01-15,212,Processing,PayPal,"12244,15970,17973,20892,1876",True
461,2024-01-22,935,Delivered,Cash,"16297,14187,1441,18504,45898",False
462,2024-03-02,405,Shipped,Credit Card,"1484,41824,41395,49510,25899",False
463,2024-03-17,869,Shipped,Credit Card,"36241,22493,42630,40653,12400",True
464,2024-03-25,331,Delivered,Credit Card,"25872,28443,26065,16053,44548",False
465,2024-01-16,339,Delivered,Credit Card,"32167,23096,48376,23030,8064",False
466,2024-02-06,60,Processing,Cash,"17976,24546,29277,24912,26815",False
467,2024-03-21,394,Processing,Cash,"34343,41820,27174,10096,880",False
468,2024-01-09,278,Delivered,Cash,"44944,573,38279,40429,36883",True
469,2024-02-28,497,Delivered,Credit Card,"11014,25761,25037,12332,4001",False
470,2024-01-02,921,Processing,PayPal,"17543,26804,14349,11838,44592",False
471,2024-02-11,31,Processing,Credit Card,"1651,30082,27499,26833,40131",True
472,2024-02-22,350,Delivered,PayPal,"25415,6609,4715,48298,1747",True
473,2024-01-26,106,Shipped,PayPal,"28046,41284,6844,41047,41611",True
474,2024-03-20,445,Processing,Cash,"43165,41462,12739,38765,22109",False
475,2024-02-18,545,Processing,Cash,"10418,14838,39387,29713,4465",True
476,2024-03-05,968,Processing,Cash,"39435,1887,15476,46749,254",False
477,2024-04-01,492,Processing,Credit Card,"8860,26503,31795,33446,47271",True
478,2024-01-07,542,Shipped,Credit Card,"5161,25742,20536,44835,34525",False
479,2024-02-22,536,Processing,Credit Card,"3299,24635,7990,29152,8122",True
480,2024-03-04,342,Delivered,Cash,"24593,42389,29527,6578,32440",False
481,2024-02-03,156,Processing,Cash,"25914,24805,3610,1781,26157",False
482,2024-02-26,265,Delivered,PayPal,"48012,24362,12581,26755,45854",False
483,2024-01-19,409,Delivered,PayPal,"17551,8679,37262,3754,47398",True
484,2024-01-16,214,Delivered,Cash,"12537,1705,23370,27861,1507",True
485,2024-02-08,379,Shipped,Cash,"36449,17540,18263,35985,16461",False
486,2024-01-13,106,Processing,Cash,"43773,10465,30898,27992,15548",False
487,2024-03-11,135,Shipped,Cash,"16802,546,36688,6711,38683",True
488,2024-02-19,240,Shipped,Credit Card,"42968,9114,18397,28972,10728",False
489,2024-04-02,774,Delivered,PayPal,"8851,29642,45609,11490,42024",False
490,2024-03-07,888,Shipped,Credit Card,"33658,16446,5771,36227,3064",False
491,2024-01-12,903,Shipped,Credit Card,"47384,1917,25545,12835,40712",True
492,2024-01-30,509,Shipped,PayPal,"2164,10740,8954,49459,8986",True
493,2024-02-26,648,Delivered,Cash,"11945,19062,14727,43062,34274",False
494,2024-01-30,359,Delivered,Credit Card,"48147,44954,8378,18947,22510",False
495,2024-04-08,514,Delivered,Cash,"39983,23452,31492,47024,26177",False
496,2024-04-07,879,Processing,Credit Card,"19121,7301,16033,39435,41426",True
497,2024-02-14,123,Processing,Cash,"3540,42977,43761,19323,2775",False
498,2024-02-01,788,Delivered,Cash,"46063,11395,15910,2257,25502",False
499,2024-02-15,596,Delivered,Credit Card,"42879,1294,11386,26036,21477",False
500,2024-01-25,431,Processing,Credit Card,"2184,1619,42007,17480,1429",False
501,2024-02-16,231,Delivered,PayPal,"12061,27592,9544,26204,28877",True
502,2024-02-23,998,Processing,Credit Card,"6572,23899,41392,24754,23822",True
503,2024-04-02,875,Shipped,Credit Card,"25826,43384,28416,27816,13930",False
504,2024-03-05,525,Processing,Cash,"644,31720,49281,29256,4409",False
505,2024-03-01,688,Shipped,Credit Card,"37040,24235,6551,43609,6035",True
506,2024-03-11,656,Delivered,PayPal,"30498,7661,8482,5435,6052",False
507,2024-01-19,830,Processing,Credit Card,"22176,37731,19689,34865,25777",False
508,2024-03-06,18,Delivered,Cash,"7566,40446,1921,35238,38029",True
509,2024-01-19,979,Processing,Credit Card,"26015,40938,42299,26205,11266",False
510,2024-01-30,180,Delivered,Credit Card,"7520,17298,43956,32294,21946",False
511,2024-04-09,970,Delivered,PayPal,"38138,26607,3220,19732,28590",True
512,2024-02-13,870,Delivered,Cash,"20328,25245,33830,4405,16674",False
513,2024-03-03,401,Processing,PayPal,"2591,14290,48962,8005,22038",True
514,2024-01-27,212,Processing,Cash,"7303,15335,35180,7429,40922",True
515,2024-02-05,873,Processing,Cash,"43841,11767,11765,34915,1376",False
516,2024-01-15,892,Shipped,Cash,"32097,44110,20504,38153,4409",False
517,2024-02-06,344,Processing,PayPal,"2924,46806,324,8568,4137",False
518,2024-04-01,815,Shipped,Credit Card,"10656,39273,15134,43740,33449",True
519,2024-02-13,745,Delivered,Cash,"35357,1806,42964,4292,8919",False
520,2024-03-05,622,Shipped,PayPal,"19101,40960,28881,6487,30298",False
521,2024-03-20,193,Processing,PayPal,"18333,7601,42231,31727,26569",True
522,2024-03-31,21,Processing,Cash,"10865,16420,43744,14597,9176",False
523,2024-01-10,102,Shipped,Credit Card,"20736,49346,48520,5915,38295",False
524,2024-02-05,735,Delivered,Cash,"15535,15316,7244,47351,38891",False
525,2024-01-14,787,Shipped,Credit Card,"32632,5886,41040,19112,18998",False
526,2024-01-22,659,Delivered,Cash,"5608,4975,27947,17846,2945",True
527,2024-04-05,287,Processing,Cash,"24853,10154,36841,2478,10617",True
528,2024-03-24,744,Shipped,Credit Card,"17861,4475,20354,36218,32952",False
529,2024-03-20,225,Processing,Credit Card,"45888,33299,12181,26497,2759",False
530,2024-03-27,923,Delivered,PayPal,"43686,10774,44407,11893,28453",False
531,2024-02-04,548,Processing,PayPal,"40346,4697,30449,29947,19864",True
532,2024-01-27,696,Delivered,Credit Card,"8725,2333,38539,22798,49355",False
533,2024-04-08,176,Shipped,PayPal,"9087,44034,1017,24562,30650",True
534,2024-03-24,352,Processing,Cash,"48264,17463,8375,17624,22748",True
535,2024-01-30,42,Delivered,PayPal,"43465,20874,6465,26289,30349",False
536,2024-03-15,771,Shipped,Cash,"33175,5334,37021,49721,31655",False
537,2024-03-07,143,Processing,Cash,"30050,39337,16239,33284,49814",True
538,2024-02-24,209,Shipped,Credit Card,"26925,5722,49144,47900,24579",False
539,2024-03-27,548,Delivered,Credit Card,"22783,30545,36154,26626,20350",False
540,2024-02-21,51,Processing,Cash,"31906,33263,48229,7056,19836",True
541,2024-02-18,380,Delivered,Credit Card,"47001,28726,43304,20781,24692",True
542,2024-02-17,84,Delivered,Cash,"35524,46669,2919,13617,44644",False
543,2024-02-27,177,Processing,Credit Card,"19014,8485,41499,40897,6894",True
544,2024-01-11,114,Processing,Cash,"14581,3508,7486,49763,41724",True
545,2024-04-02,247,Shipped,PayPal,"9891,44044,20889,24530,32525",True
546,2024-04-02,151,Shipped,Credit Card,"42150,437,30937,37421,32101",True
547,2024-01-28,321,Processing,PayPal,"5016,26047,49468,19236,14458",False
548,2024-01-29,390,Shipped,PayPal,"28704,35703,8509,34100,10791",True
549,2024-04-07,354,Delivered,Cash,"43748,12700,19057,11938,5860",True
550,2024-02-22,575,Shipped,PayPal,"24822,32489,30269,7103,44805",True
551,2024-01-18,35,Processing,Credit Card,"20116,17361,33176,24725,31049",False
552,2024-04-05,777,Delivered,Credit Card,"28762,31770,7708,34839,22416",True
553,2024-03-08,416,Delivered,PayPal,"46014,13738,42880,44106,19658",False
554,2024-01-26,554,Processing,PayPal,"10182,39361,16957,31050,186",True
555,2024-01-10,77,Processing,PayPal,"15409,34626,2762,3050,18362",False
556,2024-01-30,823,Processing,PayPal,"22041,837,13791,26041,43645",False
557,2024-03-20,456,Delivered,Credit Card,"33834,18510,33796,31049,27395",True
558,2024-01-13,243,Delivered,PayPal,"46006,40719,27503,15259,19218",True
559,2024-01-05,811,Processing,Credit Card,"8731,27223,15449,21822,45517",True
560,2024-01-10,94,Delivered,Cash,"9501,48665,6069,28350,41091",True
561,2024-03-05,741,Processing,Credit Card,"27093,16410,47820,5578,11983",True
562,2024-03-02,61,Processing,Cash,"23276,41915,10323,9672,23641",False
563,2024-03-29,579,Shipped,Credit Card,"29624,9289,25982,45533,16416",False
564,2024-03-16,12,Shipped,Cash,"41025,14990,39879,4168,44593",False
565,2024-04-04,375,Shipped,PayPal,"43382,1587,15587,45048,16348",True
566,2024-03-27,839,Processing,PayPal,"35980,13403,42487,24843,27931",True
567,2024-02-22,289,Processing,Credit Card,"3696,28014,5663,16223,18260",True
568,2024-03-12,623,Delivered,Credit Card,"3437,44754,15891,19897,14521",True
569,2024-01-21,928,Shipped,Credit Card,"6728,10055,10191,10382,32841",False
570,2024-03-26,405,Processing,PayPal,"37450,6209,4512,30003,46546",False
571,2024-03-22,887,Processing,PayPal,"38800,46461,20139,32185,36246",True
572,2024-01-29,985,Delivered,Credit Card,"22708,32342,7214,17197,45798",False
573,2024-01-02,853,Processing,Cash,"38185,2880,17678,22077,45221",False
574,2024-03-30,173,Processing,Credit Card,"3830,44169,31828,9155,13508",False
575,2024-02-12,801,Delivered,Cash,"7946,9790,29533,26398,10584",False
576,2024-02-25,287,Shipped,Cash,"5236,27773,26090,24522,18342",True
577,2024-03-23,354,Delivered,Cash,"33016,35584,26778,6341,12168",True
578,2024-03-20,917,Shipped,Cash,"18690,7163,35067,26937,24665",False
579,2024-02-16,468,Delivered,PayPal,"1161,31122,37026,25860,24122",True
580,2024-01-08,709,Shipped,PayPal,"36732,25441,46235,42830,24104",False
581,2024-03-15,86,Shipped,Cash,"47796,2140,16400,21575,6155",False
582,2024-01-17,185,Processing,Cash,"30080,10935,21780,16456,32080",False
583,2024-01-24,462,Delivered,PayPal,"726,26817,23858,19490,37547",True
584,2024-03-31,227,Delivered,Credit Card,"37097,14651,17538,47638,39032",False
585,2024-02-18,201,Delivered,PayPal,"46055,41081,41026,25274,49666",True
586,2024-02-23,203,Delivered,Credit Card,"29372,35229,37060,10135,47070",False
587,2024-02-07,835,Shipped,PayPal,"39640,31901,45834,14196,32159",True
588,2024-02-17,467,Delivered,Cash,"42015,18729,7448,16196,30761",False
589,2024-03-09,870,Shipped,Credit Card,"7427,31951,28356,20956,27313",True
590,2024-02-15,339,Shipped,Cash,"12498,45103,13530,20978,33333",True
591,2024-03-31,772,Delivered,Credit Card,"1762,48917,11572,46068,24782",True
592,2024-04-06,559,Processing,Credit Card,"48097,13941,16743,31874,15739",False
593,2024-01-03,455,Shipped,Credit Card,"37385,40632,39798,42887,31146",True
594,2024-03-28,659,Processing,PayPal,"1967,33131,38857,3807,28496",True
595,2024-03-27,862,Delivered,Credit Card,"26782,23146,25255,42244,23539",False
596,2024-04-07,587,Processing,Credit Card,"35891,16792,1009,25482,29168",True
597,2024-03-17,621,Shipped,Cash,"45157,40288,43809,7135,20570",True
598,2024-03-24,785,Processing,PayPal,"32010,1955,4549,27533,45958",False
599,2024-04-05,811,Shipped,PayPal,"28742,13428,11807,8767,23765",True
600,2024-01-28,156,Delivered,Cash,"20152,40677,3880,25728,8663",False
601,2024-01-10,881,Delivered,PayPal,"44842,23034,407,2655,34706",False
602,2024-04-03,677,Processing,Cash,"12330,31108,14676,24989,10727",True
603,2024-04-05,46,Delivered,Cash,"29062,13651,11780,29288,6804",True
604,2024-02-16,297,Delivered,PayPal,"21897,12924,30137,41868,31371",True
605,2024-02-02,224,Processing,Cash,"25080,36858,37749,34705,11788",True
606,2024-01-17,342,Delivered,PayPal,"45826,6147,35844,34086,18970",True
607,2024-04-08,142,Processing,PayPal,"8203,19185,8376,37554,7092",True
608,2024-02-28,430,Processing,PayPal,"46275,29630,18716,44259,25936",False
609,2024-02-19,820,Delivered,PayPal,"11275,27195,10035,26602,26929",True
610,2024-01-16,165,Delivered,Credit Card,"41152,22474,13268,6603,44153",True
611,2024-02-09,734,Shipped,PayPal,"30880,42571,3598,30259,26046",True
612,2024-03-21,112,Processing,Cash,"29971,1001,20885,2357,25017",False
613,2024-03-05,506,Shipped,PayPal,"14804,38820,28278,12146,6991",False
614,2024-03-30,693,Processing,Credit Card,"5529,43963,13869,49021,35010",False
615,2024-04-05,73,Delivered,Cash,"47505,43575,40007,1239,13301",True
616,2024-03-17,206,Shipped,PayPal,"4668,44877,27456,15932,45028",True
617,2024-01-25,836,Delivered,Cash,"10788,36418,6657,39178,10973",False
618,2024-01-14,815,Processing,PayPal,"42412,22828,17702,28277,48766",False
619,2024-02-26,40,Processing,Credit Card,"578,48395,49948,1277,15088",True
620,2024-01-20,994,Processing,Credit Card,"13082,5061,30400,27201,35425",False
621,2024-01-21,796,Delivered,Cash,"31049,9138,14275,7895,38909",True
622,2024-01-16,219,Processing,Credit Card,"36115,43700,7511,22282,26401",True
623,2024-04-01,714,Processing,PayPal,"31056,1651,17477,29436,33491",True
624,2024-02-03,892,Delivered,Cash,"25313,39802,1330,30088,15145",False
625,2024-01-21,805,Shipped,Cash,"5082,6144,28337,39932,23906",True
626,2024-03-20,918,Shipped,Credit Card,"13405,28207,31543,16319,43800",False
627,2024-01-03,156,Processing,Credit Card,"24206,11004,29351,46776,46259",False
628,2024-03-31,244,Delivered,PayPal,"7130,4712,29530,19044,35985",False
629,2024-03-11,185,Shipped,Credit Card,"2971,7618,11074,27211,26208",True
630,2024-01-07,801,Shipped,Credit Card,"6026,278,34257,18932,47901",False
631,2024-01-13,669,Shipped,Cash,"17260,37714,15679,39978,34189",False
632,2024-03-12,632,Shipped,Credit Card,"38236,21500,25596,38588,44278",True
633,2024-01-27,171,Processing,Credit Card,"28728,19878,11579,48737,23632",False
634,2024-03-24,65,Delivered,Credit Card,"21608,41186,33794,6343,25168",False
635,2024-01-04,501,Processing,Cash,"30891,15075,26170,22034,30622",True
636,2024-01-23,873,Delivered,PayPal,"29310,13753,3313,37519,43717",True
637,2024-02-09,664,Shipped,Cash,"18828,32834,3080,38228,8669",True
638,2024-02-13,279,Shipped,PayPal,"16061,20410,5712,31885,18685",True
639,2024-01-14,180,Delivered,PayPal,"32428,8254,4158,169,42482",False
640,2024-03-31,890,Delivered,Credit Card,"40912,42119,48656,18812,29852",False
641,2024-01-25,706,Shipped,Cash,"36891,18776,4811,47937,40210",False
642,2024-01-13,362,Delivered,Cash,"25605,6667,39152,38999,12471",True
643,2024-04-07,838,Shipped,PayPal,"27723,26192,31446,12810,7993",False
644,2024-01-19,681,Processing,Cash,"37262,11008,41396,26252,402",False
645,2024-02-22,574,Delivered,Cash,"48709,33467,19699,44398,46698",False
646,2024-01-07,105,Shipped,Credit Card,"2435,1637,3841,7797,44011",True
647,2024-02-03,645,Shipped,Credit Card,"9741,2260,7928,25674,35551",True
648,2024-04-08,194,Shipped,Credit Card,"14280,27491,18376,37256,7396",False
649,2024-03-20,960,Shipped,Credit Card,"39186,48336,41499,3770,49626",True
650,2024-01-19,17,Delivered,Credit Card,"46126,47429,27881,20314,46896",False
651,2024-02-11,494,Processing,Credit Card,"44558,47988,16819,35975,29302",False
652,2024-01-09,186,Processing,Credit Card,"46222,2851,36496,19781,4247",True
653,2024-03-27,646,Delivered,Cash,"37391,47563,48383,29276,45317",True
654,2024-01-07,999,Delivered,Cash,"4719,8508,19333,44342,39807",False
655,2024-01-16,10,Shipped,PayPal,"5818,15000,13220,20210,4201",False
656,2024-01-19,759,Shipped,PayPal,"4905,41710,19205,34010,18490",False
657,2024-02-03,658,Shipped,PayPal,"2483,16322,18534,35279,49606",True
658,2024-03-22,493,Processing,Cash,"33985,6747,28467,15765,31577",False
659,2024-01-25,544,Delivered,Credit Card,"3942,5001,27161,40503,46683",False
660,2024-02-28,221,Shipped,Cash,"19449,44896,26081,34156,47474",True
661,2024-04-05,518,Shipped,Cash,"40561,33628,45563,39791,14068",True
662,2024-02-08,548,Processing,Cash,"47180,26020,21351,13033,9151",True
663,2024-02-16,942,Shipped,PayPal,"16293,28363,17870,47914,2637",True
664,2024-01-15,296,Shipped,PayPal,"3969,646,38324,7413,24459",True
665,2024-01-29,388,Delivered,Credit Card,"30025,8373,44489,43698,38642",True
666,2024-02-14,723,Processing,PayPal,"47912,40499,40929,17448,2155",True
667,2024-04-03,316,Shipped,Credit Card,"10281,33606,13362,9922,45185",False
668,2024-02-02,30,Shipped,Credit Card,"6527,15696,7290,35795,14777",False
669,2024-03-03,209,Delivered,Cash,"10603,27874,41882,12523,22032",False
670,2024-03-02,575,Shipped,Cash,"8999,29127,27290,41483,26018",False
671,2024-01-19,716,Shipped,Credit Card,"45772,11297,45957,24650,3741",False
672,2024-02-29,895,Delivered,Cash,"35594,40622,43194,6780,46565",True
673,2024-01-24,829,Processing,Credit Card,"29997,43985,38917,11418,38305",True
674,2024-04-06,549,Shipped,PayPal,"22247,30360,44389,34855,13926",False
675,2024-03-02,737,Shipped,Cash,"34065,14844,40536,45286,3942",True
676,2024-02-03,869,Shipped,Credit Card,"27385,3537,28866,39080,27114",False
677,2024-01-07,468,Processing,Cash,"25159,16846,46341,35144,35647",False
678,2024-03-21,266,Delivered,Credit Card,"8677,20877,5371,36572,6024",False
679,2024-03-21,530,Delivered,Cash,"25911,17136,9846,28090,28945",True
680,2024-02-29,505,Processing,Credit Card,"2023,30262,5992,33156,46078",True
681,2024-03-31,605,Processing,Credit Card,"7064,31113,382,34421,13749",True
682,2024-02-01,173,Shipped,Credit Card,"16961,11167,43773,40090,38305",False
683,2024-04-01,556,Shipped,PayPal,"4838,13295,1073,26626,43344",False
684,2024-01-17,140,Processing,PayPal,"37416,22048,9982,29995,38547",False
685,2024-02-15,83,Shipped,PayPal,"4339,22478,44314,28117,20060",False
686,2024-02-23,654,Shipped,PayPal,"25778,18532,49003,23970,41761",True
687,2024-02-20,499,Shipped,Credit Card,"30817,14315,12151,37569,39091",False
688,2024-03-25,532,Shipped,Cash,"28413,31525,30937,28011,2837",True
689,2024-04-01,618,Delivered,PayPal,"31507,30372,47392,14015,20527",False
690,2024-02-02,641,Delivered,Cash,"2355,7298,13371,7474,40826",True
691,2024-03-19,736,Shipped,Cash,"2153,988,1272,5754,20795",False
692,2024-01-28,812,Processing,Cash,"35169,22286,45744,46272,12209",True
693,2024-03-03,468,Processing,Cash,"12098,33743,5916,35680,19696",False
694,2024-03-21,503,Delivered,PayPal,"26587,2343,28130,150,49521",False
695,2024-02-12,287,Delivered,Credit Card,"14576,15233,5863,18769,24314",True
696,2024-02-03,608,Delivered,PayPal,"49322,670,22637,18502,29449",True
697,2024-03-26,101,Shipped,Cash,"4877,28001,1719,40515,23581",False
698,2024-02-17,216,Shipped,PayPal,"9416,20744,48118,35494,29677",False
699,2024-01-12,206,Shipped,Credit Card,"15169,26826,32112,11903,2133",True
700,2024-02-08,40,Delivered,Cash,"6489,43288,41825,33278,10313",True
701,2024-01-30,61,Shipped,PayPal,"32342,18567,18265,28461,20017",True
702,2024-03-06,658,Processing,Cash,"48806,30105,10864,26308,19058",True
703,2024-03-11,335,Shipped,Credit Card,"765,32880,42009,29030,6393",False
704,2024-02-14,177,Processing,Cash,"30549,19461,2588,48397,38556",False
705,2024-01-01,467,Shipped,PayPal,"5502,4810,27223,42990,17053",True
706,2024-01-28,933,Delivered,Cash,"1674,33528,2069,6344,22722",True
707,2024-01-03,984,Delivered,PayPal,"35324,8983,5411,34046,42610",False
708,2024-01-03,899,Shipped,PayPal,"15826,46217,5979,13866,8366",False
709,2024-02-25,476,Processing,PayPal,"14824,25173,3381,15231,43858",True
710,2024-03-28,806,Processing,PayPal,"2842,30154,18867,20795,31336",True
711,2024-03-06,967,Processing,Cash,"15748,4672,6864,8794,25868",True
712,2024-02-15,31,Shipped,PayPal,"15219,3953,1796,47122,15802",False
713,2024-04-08,347,Shipped,Cash,"45078,24689,6923,43956,17360",False
714,2024-01-14,660,Delivered,Cash,"45136,47635,40875,35548,21802",True
715,2024-03-17,781,Shipped,Credit Card,"35591,17512,4587,36524,18785",True
716,2024-02-18,874,Shipped,PayPal,"8437,10288,44941,46749,31221",True
717,2024-02-11,753,Delivered,PayPal,"19679,47566,22557,17849,31325",True
718,2024-03-09,411,Processing,Cash,"3549,39793,14618,25524,17080",True
719,2024-02-29,748,Processing,Credit Card,"22178,20646,31289,39904,40985",True
720,2024-01-18,759,Processing,Credit Card,"45205,49918,33666,14580,34960",False
721,2024-02-19,452,Shipped,Credit Card,"39040,7733,18717,15355,11088",True
722,2024-01-21,450,Delivered,Credit Card,"38240,8309,38640,11115,23555",True
723,2024-01-15,366,Delivered,Credit Card,"36925,39167,49969,7094,1331",False
724,2024-04-08,293,Processing,PayPal,"45241,18824,42583,45075,44297",True
725,2024-03-29,717,Delivered,Credit Card,"34927,4476,26397,40824,40961",True
726,2024-01-10,422,Delivered,Cash,"26783,27133,27484,45206,46191",True
727,2024-02-23,443,Processing,Cash,"7071,22648,36145,25079,13999",True
728,2024-01-14,143,Processing,PayPal,"42810,8986,22191,40738,21368",True
729,2024-01-28,760,Processing,Credit Card,"5090,31185,39612,48179,45836",True
730,2024-03-13,85,Processing,Cash,"28312,453,3760,9090,7021",False
731,2024-02-01,857,Delivered,Credit Card,"35617,22281,13296,559,24464",True
732,2024-02-18,928,Processing,Credit Card,"7097,7923,11033,18935,24655",True
733,2024-01-15,700,Delivered,Credit Card,"29367,13418,46037,36355,7793",True
734,2024-01-22,321,Delivered,PayPal,"13298,25314,26891,37562,15799",False
735,2024-01-18,245,Delivered,PayPal,"48797,26672,33898,36007,19861",True
736,2024-01-26,788,Shipped,Cash,"5765,3233,9322,27720,39432",False
737,2024-03-05,961,Delivered,Cash,"46219,10381,10523,42098,15805",True
738,2024-03-02,980,Shipped,Cash,"46655,1365,11133,33362,24197",True
739,2024-01-06,632,Processing,Cash,"49942,49301,32536,1183,17960",True
740,2024-01-28,229,Delivered,PayPal,"31044,29056,35443,31871,12774",False
741,2024-02-23,445,Delivered,Cash,"26299,49419,6849,8303,1473",False
742,2024-02-28,417,Processing,Cash,"47864,12843,49331,40664,31542",True
743,2024-02-08,825,Delivered,PayPal,"17697,18196,39963,43175,40458",True
744,2024-01-18,972,Delivered,Cash,"9105,21905,11446,34266,19263",False
745,2024-02-10,932,Delivered,Cash,"40146,46755,15982,44535,12345",False
746,2024-04-09,750,Shipped,Cash,"23785,46282,46582,42813,22469",True
747,2024-03-17,50,Processing,Cash,"6209,48296,12624,36935,40463",False
748,2024-01-13,70,Shipped,PayPal,"44891,29995,5107,33183,36295",True
749,2024-01-31,368,Processing,PayPal,"45048,49819,37547,44771,14952",True
750,2024-04-06,706,Shipped,Cash,"20867,33719,11697,27129,30279",True
751,2024-02-23,125,Delivered,PayPal,"38626,9473,31122,24604,45927",False
752,2024-01-20,188,Shipped,Credit Card,"12749,31569,39950,7355,7589",False
753,2024-04-09,112,Processing,PayPal,"24856,48240,21543,47081,22862",True
754,2024-02-20,783,Processing,PayPal,"6716,26257,40280,37467,15880",False
755,2024-02-13,372,Shipped,Cash,"24748,26514,46240,17639,16122",False
756,2024-01-01,998,Shipped,Cash,"42607,49510,27267,34248,6092",False
757,2024-02-29,733,Delivered,PayPal,"6713,24304,3952,1950,4625",True
758,2024-01-20,351,Shipped,Credit Card,"22162,25234,8857,89,1209",True
759,2024-04-03,964,Processing,PayPal,"13113,35662,34155,23108,47808",True
760,2024-01-18,508,Processing,PayPal,"1973,44697,19307,11130,34413",False
761,2024-03-06,648,Processing,PayPal,"17799,22493,11570,12499,19319",True
762,2024-03-09,384,Shipped,PayPal,"15925,46271,37220,10777,10865",False
763,2024-01-31,77,Delivered,Cash,"7426,3554,15211,36635,47711",False
764,2024-02-28,564,Shipped,PayPal,"7900,26717,26833,216,21347",False
765,2024-01-26,495,Shipped,PayPal,"25108,21715,36864,2543,48255",False
766,2024-03-24,455,Delivered,PayPal,"8183,49146,29549,22135,9682",True
767,2024-03-17,240,Delivered,Cash,"5219,14735,30903,36368,11241",True
768,2024-02-17,536,Delivered,Credit Card,"28880,23260,45406,13719,46759",True
769,2024-02-07,32,Delivered,Cash,"14596,31141,2750,20132,30587",False
770,2024-01-05,804,Processing,Credit Card,"38104,14799,21515,9709,47092",False
771,2024-03-25,756,Processing,Cash,"2729,15082,4895,18663,6969",False
772,2024-01-30,713,Shipped,PayPal,"17476,26367,30787,31999,11062",True
773,2024-01-17,17,Shipped,Cash,"10419,27110,9188,24537,42252",False
774,2024-02-13,669,Processing,PayPal,"9914,11996,43608,3595,2120",False
775,2024-01-30,492,Shipped,Cash,"166,34792,38907,11813,47242",False
776,2024-02-25,714,Shipped,PayPal,"34390,23317,42396,41456,28429",False
777,2024-03-17,585,Delivered,Credit Card,"39280,34397,8911,36804,7405",False
778,2024-01-03,889,Processing,PayPal,"32840,22701,20006,33716,106",True
779,2024-03-21,684,Shipped,PayPal,"11402,8144,42458,23862,32905",False
780,2024-01-03,958,Processing,Credit Card,"30017,22248,6257,8769,38397",True
781,2024-01-26,127,Processing,PayPal,"26133,1775,46356,49431,21937",False
782,2024-01-22,762,Shipped,PayPal,"34138,16671,10570,12534,3409",False
783,2024-01-27,464,Shipped,PayPal,"34150,42357,21342,13271,13855",True
784,2024-03-27,712,Processing,PayPal,"19433,20346,30721,21522,17352",True
785,2024-02-19,735,Processing,PayPal,"34463,6742,38565,19252,40958",True
786,2024-02-26,31,Processing,Cash,"33322,12667,1717,48097,17426",False
787,2024-03-23,274,Processing,PayPal,"17016,34566,26561,35666,41258",True
788,2024-02-22,838,Shipped,Credit Card,"28446,2925,47613,31895,49165",True
789,2024-01-19,864,Processing,PayPal,"1268,49372,15356,3455,48107",True
790,2024-03-07,366,Delivered,Cash,"10297,26167,43928,39184,5953",True
791,2024-02-11,403,Shipped,Cash,"33718,13694,14213,22922,15652",False
792,2024-03-25,219,Shipped,Cash,"26790,29188,20542,32872,40836",True
793,2024-03-16,295,Shipped,PayPal,"1985,49567,41891,14410,34982",True
794,2024-03-16,606,Shipped,Cash,"48206,16451,11543,41464,31166",False
795,2024-03-12,903,Processing,Cash,"35912,12046,37724,4286,3262",True
796,2024-03-03,81,Delivered,PayPal,"1439,7593,6978,2242,29408",True
797,2024-03-15,825,Delivered,Credit Card,"737,3307,12803,24351,44790",True
798,2024-02-16,210,Processing,PayPal,"12329,41990,23782,11072,1538",False
799,2024-02-18,816,Shipped,Cash,"1888,39183,25246,45725,24868",True
800,2024-04-04,701,Processing,Credit Card,"44762,16263,28725,12059,44961",True
801,2024-01-20,12,Shipped,PayPal,"44874,39472,21887,49460,28240",False
802,2024-02-13,942,Processing,PayPal,"41253,39388,47556,41822,20912",True
803,2024-03-10,429,Delivered,Credit Card,"13025,5333,15899,39750,42633",True
804,2024-01-22,82,Shipped,PayPal,"48969,49272,19663,41,44609",False
805,2024-03-06,552,Processing,PayPal,"40571,3918,39455,31145,2550",False
806,2024-02-23,885,Processing,Credit Card,"30693,34629,26736,1138,34314",False
807,2024-01-02,75,Shipped,PayPal,"4941,32211,33381,41412,2644",True
808,2024-01-31,445,Delivered,Cash,"11429,31191,10791,21099,11080",True
809,2024-01-23,629,Delivered,PayPal,"47914,16209,47460,35952,12752",True
810,2024-01-29,49,Delivered,Cash,"35037,35444,40822,29664,14608",True
811,2024-03-18,926,Processing,Credit Card,"37183,33170,35558,39237,7249",False
812,2024-02-16,880,Shipped,Cash,"11600,22754,24836,19625,1463",False
813,2024-03-26,840,Shipped,Cash,"28781,15397,32197,31391,35",False
814,2024-03-24,71,Shipped,PayPal,"7590,34398,7075,19566,46163",False
815,2024-03-04,648,Processing,PayPal,"35372,45099,14948,17709,14306",False
816,2024-02-02,341,Processing,PayPal,"38834,17954,39219,4364,6484",True
817,2024-01-25,114,Delivered,PayPal,"79,1388,48194,23810,5344",True
818,2024-01-15,42,Processing,PayPal,"17153,49935,41164,19770,28662",False
819,2024-02-23,571,Shipped,Cash,"6971,36039,28073,26829,4167",True
820,2024-03-29,875,Delivered,PayPal,"41325,40222,14758,46664,12270",True
821,2024-02-06,516,Processing,PayPal,"15910,49536,17277,2170,45308",False
822,2024-03-03,413,Delivered,Credit Card,"30383,20159,45085,21062,32310",True
823,2024-02-24,514,Shipped,PayPal,"42043,46523,45831,47212,35579",True
824,2024-04-09,30,Delivered,Cash,"11666,10512,22155,18577,31954",True
825,2024-03-22,880,Delivered,Cash,"47745,2406,42015,373,42779",True
826,2024-03-06,192,Delivered,Cash,"17793,8448,9016,5294,48046",False
827,2024-01-15,568,Shipped,Cash,"27357,14218,16678,27674,47109",True
828,2024-03-24,588,Delivered,Cash,"38234,30658,39361,38520,25837",False
829,2024-02-12,453,Shipped,PayPal,"1333,4427,6909,39415,13983",False
830,2024-03-27,250,Delivered,PayPal,"28749,34193,25902,34009,41763",False
831,2024-02-03,329,Delivered,PayPal,"49150,9526,47257,32033,41983",True
832,2024-03-27,135,Processing,Credit Card,"6251,13544,18625,27162,6372",True
833,2024-01-03,517,Processing,PayPal,"15878,17920,12990,26091,6182",True
834,2024-03-06,292,Processing,Cash,"3112,49901,36835,11911,24608",False
835,2024-03-18,963,Processing,Cash,"9792,9277,20395,9740,35997",False
836,2024-01-17,928,Processing,Cash,"48240,23043,38880,41198,39546",True
837,2024-02-12,132,Delivered,PayPal,"17721,7659,11737,18656,19039",False
838,2024-03-27,36,Shipped,Credit Card,"38075,24103,16972,48093,26952",True
839,2024-03-17,551,Shipped,Cash,"19509,15545,25591,12444,5979",False
840,2024-01-07,948,Delivered,Credit Card,"27525,28500,30205,42364,15468",True
841,2024-02-23,858,Delivered,Credit Card,"20386,1927,18652,4871,18890",True
842,2024-03-13,686,Delivered,Cash,"42303,12443,36674,23486,6202",False
843,2024-01-07,154,Processing,PayPal,"42967,39728,24541,2699,17176",False
844,2024-01-31,325,Delivered,PayPal,"31661,26746,32856,42612,807",True
845,2024-01-06,285,Delivered,Credit Card,"15560,36449,2356,21204,1382",False
846,2024-02-05,927,Delivered,Credit Card,"11380,26895,24875,14983,28559",True
847,2024-04-04,158,Processing,Credit Card,"1274,46499,39717,2104,46032",True
848,2024-04-01,530,Shipped,Credit Card,"39485,4868,32231,33153,48289",True
849,2024-01-31,364,Shipped,Cash,"33809,44762,39981,32078,12262",False
850,2024-03-16,619,Shipped,Credit Card,"33401,831,7402,28521,204",True
851,2024-02-14,613,Processing,Cash,"8516,2530,27164,16012,43806",True
852,2024-03-01,811,Shipped,Credit Card,"1420,18755,3672,25620,18813",True
853,2024-01-06,956,Processing,Credit Card,"26205,47924,5168,2937,46194",False
854,2024-02-20,739,Shipped,Credit Card,"30996,2391,41267,1951,712",True
855,2024-03-19,553,Delivered,PayPal,"6582,7380,39919,10762,48352",True
856,2024-01-05,931,Processing,Credit Card,"19409,45525,27296,13915,12937",False
857,2024-03-21,197,Delivered,Credit Card,"21397,17477,33727,45271,17371",False
858,2024-01-24,24,Shipped,PayPal,"35500,21826,39389,25639,24609",True
859,2024-01-23,404,Shipped,PayPal,"28748,42283,21438,8731,5757",True
860,2024-02-22,759,Delivered,Cash,"43452,14220,17930,34131,23826",False
861,2024-03-25,64,Processing,Credit Card,"9077,43938,814,48771,24180",False
862,2024-02-28,424,Processing,Credit Card,"2485,32974,31789,3565,49248",False
863,2024-01-05,57,Delivered,Cash,"41136,37814,13623,1947,6467",True
864,2024-04-07,465,Delivered,PayPal,"25054,48224,31708,41294,17957",True
865,2024-04-07,600,Processing,Cash,"25174,11730,20644,32075,33507",True
866,2024-02-27,937,Delivered,PayPal,"24511,19421,18500,17300,47825",False
867,2024-01-27,210,Delivered,Credit Card,"38998,814,25601,45234,39963",True
868,2024-02-22,657,Shipped,PayPal,"32873,49638,845,9536,37768",True
869,2024-03-17,257,Processing,PayPal,"31042,7155,10324,26005,43634",False
870,2024-03-25,433,Processing,PayPal,"26738,18408,40890,28401,16097",False
871,2024-02-28,724,Delivered,Credit Card,"6243,39336,34534,37042,4333",False
872,2024-01-15,19,Delivered,PayPal,"3931,18351,42655,12608,41915",False
873,2024-01-07,188,Shipped,Credit Card,"10112,45721,17670,2574,46444",False
874,2024-01-21,540,Processing,PayPal,"7752,40280,46573,39215,48224",True
875,2024-03-07,354,Processing,Cash,"42021,39612,42968,2417,31567",True
876,2024-01-23,222,Processing,PayPal,"29126,45809,14459,40771,36821",True
877,2024-01-23,767,Delivered,PayPal,"28799,9625,30942,37694,37530",False
878,2024-01-14,615,Processing,PayPal,"15683,43962,2861,4240,44344",True
879,2024-01-16,52,Processing,Cash,"18419,28907,26176,10212,21797",True
880,2024-04-05,201,Shipped,Cash,"20171,45207,8030,30075,17444",False
881,2024-02-11,42,Delivered,Credit Card,"18001,23044,2450,31880,5203",True
882,2024-03-30,320,Processing,Credit Card,"14213,32832,46095,43744,13521",False
883,2024-03-06,828,Delivered,PayPal,"18128,14729,24776,24663,46808",True
884,2024-02-11,302,Processing,PayPal,"4564,15724,45481,41972,22966",True
885,2024-01-20,68,Processing,Cash,"48104,8657,28430,7367,2189",True
886,2024-01-13,170,Delivered,Credit Card,"33872,2631,7324,28038,18036",True
887,2024-01-31,778,Processing,Credit Card,"31065,13362,10905,18381,27291",False
888,2024-02-03,620,Delivered,PayPal,"36441,43981,5853,11031,45512",True
889,2024-02-12,705,Processing,Credit Card,"6947,22432,17341,24974,7942",False
890,2024-03-17,902,Shipped,Cash,"42763,26581,8330,33255,32705",False
891,2024-03-02,946,Processing,Cash,"18039,9890,34898,12724,34825",True
892,2024-02-14,52,Delivered,PayPal,"41766,27495,43461,36072,34772",True
893,2024-04-05,189,Processing,PayPal,"48783,14531,34544,5248,39962",False
894,2024-02-22,884,Delivered,PayPal,"20192,355,3016,19352,32925",False
895,2024-03-31,294,Processing,Cash,"24632,28778,49529,38029,48661",True
896,2024-02-20,133,Shipped,Credit Card,"18601,12558,12709,49131,42166",False
897,2024-03-19,810,Delivered,PayPal,"15529,23367,13354,47241,33828",False
898,2024-03-23,487,Shipped,PayPal,"48660,15228,8859,46326,34998",True
899,2024-02-11,531,Delivered,Cash,"28399,34867,36261,5900,27321",False
900,2024-01-18,693,Shipped,PayPal,"2003,16731,45746,49712,7949",True
901,2024-02-09,988,Delivered,PayPal,"619,47096,26216,10346,27474",True
902,2024-03-21,228,Processing,Cash,"41514,6935,42564,11249,40240",False
903,2024-03-22,609,Shipped,PayPal,"34003,49749,29406,39788,49408",False
904,2024-03-06,484,Shipped,PayPal,"34056,6152,10705,20978,13667",True
905,2024-02-21,305,Processing,Credit Card,"9303,12730,19767,14910,40054",False
906,2024-03-03,951,Delivered,PayPal,"8482,27013,33388,43912,15225",True
907,2024-04-03,481,Processing,Credit Card,"1310,36592,49687,42347,12246",False
908,2024-02-23,974,Delivered,PayPal,"23426,23220,25560,9468,13992",True
909,2024-03-30,827,Shipped,Credit Card,"6145,37034,10731,32180,10005",False
910,2024-04-04,826,Shipped,PayPal,"38242,4384,7186,19230,25021",True
911,2024-03-03,150,Processing,PayPal,"46235,27434,13550,37100,39969",True
912,2024-04-03,308,Delivered,PayPal,"19646,44754,40167,31975,17345",True
913,2024-02-15,948,Processing,Cash,"2808,10803,40259,11152,24129",False
914,2024-02-20,389,Processing,Credit Card,"37220,35295,33260,49675,31769",False
915,2024-02-28,93,Processing,Cash,"11085,9449,20096,33112,13070",False
916,2024-02-01,785,Shipped,PayPal,"47731,9228,43722,673,38437",True
917,2024-03-22,229,Shipped,Cash,"5667,16079,29686,27555,35946",False
918,2024-03-04,363,Delivered,Credit Card,"42448,30519,22930,26064,36329",False
919,2024-01-06,854,Processing,Cash,"13414,12086,17108,12583,2628",False
920,2024-03-07,471,Processing,PayPal,"40571,41752,23999,28708,23866",False
921,2024-01-21,118,Shipped,PayPal,"21556,2028,8657,25915,45307",True
922,2024-01-18,976,Processing,Credit Card,"25420,41167,17131,41798,49781",False
923,2024-01-29,746,Delivered,Cash,"35354,21429,21921,30949,18763",True
924,2024-03-15,952,Processing,PayPal,"43241,6376,7662,5199,46763",True
925,2024-03-03,801,Delivered,Credit Card,"2755,15028,31351,43905,8982",True
926,2024-02-29,65,Delivered,Credit Card,"39240,36537,23878,5873,30891",True
927,2024-02-11,264,Processing,Cash,"19434,30973,37999,41634,10254",False
928,2024-01-06,452,Delivered,PayPal,"17963,3485,40099,43875,20588",True
929,2024-02-06,432,Delivered,Cash,"16710,5782,32230,29812,5605",False
930,2024-04-05,734,Shipped,Cash,"20424,36963,27774,13331,19005",True
931,2024-03-10,708,Delivered,PayPal,"22386,26110,38206,2575,4560",False
932,2024-01-30,554,Shipped,Cash,"7078,34087,32189,1427,45343",True
933,2024-02-21,423,Delivered,PayPal,"7158,24892,9472,768,12837",False
934,2024-02-22,276,Processing,Cash,"24542,5329,21396,4136,6801",False
935,2024-04-06,458,Delivered,Cash,"3261,28436,23150,23774,2098",True
936,2024-03-14,650,Delivered,PayPal,"1284,23066,47918,26253,7124",False
937,2024-02-26,505,Delivered,Credit Card,"13938,19890,20551,16834,39596",False
938,2024-03-02,252,Delivered,PayPal,"44801,15446,3890,16355,3920",True
939,2024-03-19,174,Shipped,Credit Card,"23907,47051,8636,30665,37436",False
940,2024-03-16,519,Delivered,Cash,"38546,1804,22859,37877,30936",False
941,2024-02-02,930,Shipped,PayPal,"26677,32171,6120,22791,33872",True
942,2024-01-07,360,Delivered,Cash,"15106,20650,49179,41649,13483",True
943,2024-03-24,577,Processing,PayPal,"10217,1350,10003,48108,43254",False
944,2024-04-02,574,Processing,Credit Card,"48306,48766,6801,11538,43366",False
945,2024-01-26,250,Processing,PayPal,"4928,13747,16474,48555,4668",False
946,2024-03-01,944,Delivered,Cash,"20597,11917,13748,7518,14064",False
947,2024-01-29,406,Delivered,PayPal,"38803,18190,23117,30653,44420",True
948,2024-02-05,921,Processing,PayPal,"46852,5164,21101,8516,36793",True
949,2024-02-10,228,Delivered,Credit Card,"26581,26196,5365,17762,49115",True
950,2024-01-02,701,Shipped,Cash,"43849,24505,1168,21026,48142",True
951,2024-01-08,770,Processing,PayPal,"6847,11612,1344,41187,29620",True
952,2024-02-03,39,Delivered,Cash,"26132,44183,6257,9141,6703",False
953,2024-01-26,31,Shipped,PayPal,"9819,10727,986,48538,24093",True
954,2024-01-16,145,Shipped,PayPal,"6489,11877,47005,333,49667",True
955,2024-02-10,450,Shipped,Credit Card,"27826,2481,43685,3913,26641",False
956,2024-03-30,470,Delivered,PayPal,"23167,1615,2934,43303,26563",False
957,2024-04-05,47,Delivered,Cash,"17351,1194,19545,9087,3179",False
958,2024-03-25,103,Delivered,PayPal,"44057,10941,5231,25854,38478",False
959,2024-02-24,570,Processing,PayPal,"26302,26458,46201,13566,7854",False
960,2024-02-15,465,Shipped,PayPal,"36766,31556,1760,6163,38538",False
961,2024-03-18,961,Shipped,Cash,"4116,23982,16481,46231,19482",True
962,2024-01-31,957,Processing,Cash,"32264,29998,35099,18663,47024",False
963,2024-03-16,153,Shipped,PayPal,"5473,2214,14523,2348,48116",True
964,2024-04-05,995,Shipped,Credit Card,"2615,18241,30757,7146,19089",True
965,2024-01-17,572,Shipped,PayPal,"1239,36032,24541,979,47524",True
966,2024-03-18,243,Shipped,PayPal,"15826,3566,35423,34599,4402",False
967,2024-03-08,381,Processing,PayPal,"48852,32573,39967,21979,41767",False
968,2024-03-22,844,Processing,PayPal,"4882,15637,36703,24300,35913",True
969,2024-02-03,670,Delivered,Credit Card,"28068,11599,16241,37636,28611",True
970,2024-02-19,856,Delivered,Cash,"9295,22741,4046,24745,1644",False
971,2024-01-29,302,Delivered,PayPal,"14933,33989,1339,39237,12183",True
972,2024-03-31,58,Shipped,Credit Card,"11197,34742,44745,6576,16584",True
973,2024-02-27,211,Delivered,PayPal,"19832,29085,29242,32644,29032",False
974,2024-03-28,551,Shipped,PayPal,"31740,45908,8490,23096,40999",True
975,2024-03-18,639,Shipped,PayPal,"47887,12730,40144,12651,23145",True
976,2024-01-10,226,Shipped,Credit Card,"4563,6298,4029,7084,17679",False
977,2024-01-27,350,Delivered,Cash,"36782,12171,33342,48906,3671",True
978,2024-02-16,768,Shipped,Credit Card,"49044,41733,34287,16844,25940",False
979,2024-04-08,524,Processing,PayPal,"16897,32354,39127,39179,28325",True
980,2024-01-17,212,Processing,PayPal,"10268,22435,48416,47810,41186",True
981,2024-02-22,373,Delivered,Credit Card,"33565,41617,6201,44199,17744",False
982,2024-01-15,434,Shipped,PayPal,"11381,5114,46542,45311,15634",False
983,2024-01-19,970,Delivered,Cash,"3723,37894,3541,35131,29604",True
984,2024-02-17,15,Processing,Cash,"7235,37936,217,17208,13613",True
985,2024-01-25,38,Shipped,PayPal,"5966,4042,40514,17061,49085",True
986,2024-01-22,696,Delivered,Credit Card,"32205,14766,1786,8553,6708",False
987,2024-01-31,267,Processing,PayPal,"12435,31227,36238,39514,24420",False
988,2024-01-06,317,Shipped,Credit Card,"26837,30937,3731,27111,31152",True
989,2024-02-15,952,Processing,PayPal,"42055,29580,49592,30705,33777",True
990,2024-02-26,609,Shipped,Cash,"47637,45056,15142,36246,11081",False
991,2024-02-05,583,Shipped,PayPal,"37463,37643,3082,34441,31454",False
992,2024-04-02,120,Processing,PayPal,"44459,25546,923,21476,12861",True
993,2024-03-26,419,Processing,Cash,"49879,34456,30208,17008,460",True
994,2024-03-19,40,Shipped,Credit Card,"38836,29503,38830,29959,33567",False
995,2024-04-07,563,Shipped,Credit Card,"29170,39797,35038,25243,38044",False
996,2024-01-04,485,Shipped,Credit Card,"13645,17708,6998,11824,41016",True
997,2024-02-03,858,Shipped,Cash,"25011,22969,30380,20707,12732",True
998,2024-03-04,773,Shipped,Credit Card,"21783,3138,44462,1075,27730",False
999,2024-02-25,938,Processing,Cash,"16501,16403,48740,21798,18061",False
1000,2024-02-08,799,Processing,Cash,"33165,33781,20524,38402,21089",True
